INSERT INTO Usuario (idUsuario, nombre, correo, telefono, genero, edad) VALUES
(null,'Juan Perez', 'juanitoperez@gmail.com', '312754091', 'H', 35),
(null,'Maria Garcia', 'mariag@outlook.com', '315621872', 'M', 28),
(null,'Pedro Ramirez', 'pedror@gmail.com', '317981340', 'H', 40),
(null,'Laura Martinez', 'lauram@hotmail.com', '322412333', 'M', 22),
(null,'Carlos Lopez', 'carloslop@hotmail.com', '321654987', 'H', 45),
(null,'Ana Rodriguez', 'anaro@gmail.com', '317423656', 'M', 30),
(null,'David Sanchez', 'davidsan@gmail.com', '311671002', 'H', 27),
(null,'Sofia Gomez', 'sofiago@gmail.com', '313216715', 'M', 33),
(null,'Luis Torres', 'luisto@outlook.com', '319258147', 'H', 29),
(null,'Elena Fernandez', 'elenafer@hotmail.com', '317258369', 'M', 25),
(null,'Alejandro Diaz', 'alejandrod@gmail.com', '312345678', 'H', 32),
(null,'Valeria Ramirez', 'valeriar@hotmail.com', '311234567', 'M', 26),
(null,'Gabriel Soto', 'gabrielsoto@gmail.com', '318765432', 'H', 38),
(null,'Carmen Martinez', 'carmenm@hotmail.com', '313987654', 'M', 31),
(null,'Mario Torres', 'mariot@outlook.com', '317876543', 'H', 34),
(null,'Daniela Gonzalez', 'danielag@gmail.com', '314567890', 'M', 27),
(null,'Fernando Lopez', 'fernandol@hotmail.com', '319098765', 'H', 41),
(null,'Isabel Vargas', 'isabelv@gmail.com', '312345678', 'M', 29),
(null,'Ricardo Ramos', 'ricardor@outlook.com', '318765432', 'H', 36),
(null,'Monica Herrera', 'monicah@gmail.com', '313987654', 'M', 30),
(null,'Luisa Fernandez', 'luisaf@gmail.com', '316789012', 'M', 36),
(null,'Javier Garcia', 'javierg@outlook.com', '312345678', 'H', 31),
(null,'Natalia Rodriguez', 'nataliar@gmail.com', '317890123', 'M', 28),
(null,'Roberto Sanchez', 'robertos@hotmail.com', '311234567', 'H', 39),
(null,'Carolina Perez', 'carolinap@gmail.com', '318901234', 'M', 32),
(null,'Andres Gomez', 'andresg@outlook.com', '313456789', 'H', 37),
(null,'Paola Ramirez', 'paolar@hotmail.com', '319012345', 'M', 29),
(null,'Eduardo Martinez', 'eduardom@gmail.com', '314567890', 'H', 33),
(null,'Susana Torres', 'susanat@hotmail.com', '312345678', 'M', 26),
(null,'Hector Diaz', 'hectord@gmail.com', '318765432', 'H', 35);

INSERT INTO Compra (idCompra, idUsuario, fechaCompra, costoTotal) VALUES
(null, 4, '2024-01-15', 500000),
(null, 5, '2024-02-20', 490000),
(null, 7, '2024-03-10', 750000),
(null, 8, '2024-04-05', 1040000),
(null, 1, '2024-05-12', 810000),
(null, 1, '2024-06-18', 550000),
(null, 9, '2024-07-22', 1300000),
(null, 2, '2024-08-30', 704000),
(null, 2, '2024-09-14', 1250000),
(null, 6, '2024-10-25', 1800000),
(null, 3, '2024-11-11', 980000),
(null, 10, '2024-12-03', 80000),
(null, 3, '2025-01-17', 600000),
(null, 5, '2025-02-22', 850000),
(null, 7, '2025-03-11', 1050000),
(null, 8, '2025-04-06', 1230000),
(null, 1, '2025-05-14', 970000),
(null, 10, '2025-06-20', 620000),
(null, 9, '2025-07-23', 1200000),
(null, 2, '2025-08-31', 720000);


INSERT INTO Producto (idProducto, nombre, descripcion, precio, tipo, cantidad, seccion, atuendos, tallas) VALUES
(null, 'Camiseta Básica color blanco','Camiseta Blanca Para Hombre', 90000, 'Articulo', 200, 'Hombre', 'Camisetas', '{"S":50, "M":100, "L":50}'),
(null, 'Camiseta Básica color negro','Camiseta Negra Para Mujer',80000, 'Articulo', 150, 'Mujer', 'Camisetas','{"S":30,"M":80,"L":40}'),
(null, 'Sudadera Estampada con el Logo de la UAO','Sudadera Blanca para Mujer',120000, 'Diseno', 80, 'Mujer', 'Sudaderas','{"S":20,"M":40,"L":20}'),
(null, 'Calcetines Basicos color blanco','Calcetines Blancos para Hombre',40000, 'Articulo', 100, 'Hombre', 'Calcetines','{"7":30,"9":50,"11":20}'),
(null, 'Pantaloneta Estampada con el Logo de la UAO','Pantaloneta Blanca para Niño',100000, 'Diseno', 90, 'Ninio', 'Pantalonetas','{"2":8,"4":10,"6":10,"8":12,"10":12,"12":14,"14":12,"16":12}'),
(null, 'Sudadera Básica color negro','Sudadera Negra para Niño',60000, 'Articulo', 70, 'Ninio', 'Sudaderas','{"2":6,"4":8,"6":8,"8":10,"10":8,"12":10,"14":10,"16":10}'),
(null, 'Leggins Estampados con el Logo de la UAO','Leggins Negros para Mujer',130000, 'Diseno', 110, 'Mujer', 'Leggins','{"XS": 15, "S": 25,"M":30, "L":30, "XL":10}'),
(null, 'Zapatillas Basicas color Blanco','Zapatillas Blancas para Hombre',80000,'Articulo', 70, 'Hombre', 'Zapatillas','{"36":8,"37":10,"38":12,"39":14,"40":12,"41":8,"42":6}'),
(null, 'Sudadera Basica color Blanco','Sudadera Blanca para Hombre',100000, 'Articulo', 95, 'Hombre', 'Sudaderas','{"S":20,"M":40,"L":35}'),
(null, 'Camiseta Estampada con el Logo de la UAO','Sudadera Blanca para Hombre',30000, 'Diseno', 75, 'Hombre', 'Camisetas','{"S":15,"M":35,"L":25}'),
(null, 'Camiseta Básica color rojo','Camiseta Roja Para Mujer', 85000, 'Articulo', 180, 'Mujer', 'Camisetas', '{"S":40, "M":90, "L":50}'),
(null, 'Camiseta Básica color azul','Camiseta Azul Para Hombre',95000, 'Articulo', 130, 'Hombre', 'Camisetas','{"S":30,"M":80,"L":20}'),
(null, 'Sudadera Estampada con el Logo de la Universidad','Sudadera Gris para Hombre',110000, 'Diseno', 90, 'Hombre', 'Sudaderas','{"S":15,"M":40,"L":35}'),
(null, 'Calcetines Basicos color gris','Calcetines Grises para Mujer',40000, 'Articulo', 120, 'Mujer', 'Calcetines','{"7":40,"9":50,"11":30}'),
(null, 'Pantaloneta Estampada con el Logo de la Universidad','Pantaloneta Azul para Niño',95000, 'Diseno', 80, 'Ninio', 'Pantalonetas','{"2":10,"4":15,"6":20,"8":15,"10":10,"12":10,"14":5,"16":5}'),
(null, 'Sudadera Básica color gris','Sudadera Gris para Niño',55000, 'Articulo', 60, 'Ninio', 'Sudaderas','{"2":8,"4":10,"6":10,"8":12,"10":10,"12":6,"14":2,"16":2}'),
(null, 'Leggins Estampados con el Logo de la Universidad','Leggins Negros para Mujer',120000, 'Diseno', 100, 'Mujer', 'Leggins','{"XS": 20, "S": 30,"M":30, "L":20, "XL":0}'),
(null, 'Zapatillas Basicas color Gris','Zapatillas Grises para Hombre',85000,'Articulo', 85, 'Hombre', 'Zapatillas','{"36":5,"37":10,"38":15,"39":20,"40":20,"41":10,"42":5}'),
(null, 'Sudadera Basica color Negra','Sudadera Negra para Hombre',110000, 'Articulo', 100, 'Hombre', 'Sudaderas','{"S":25,"M":45,"L":30}'),
(null, 'Camiseta Estampada con el Logo de la Universidad','Camiseta Roja para Hombre',35000, 'Diseno', 80, 'Hombre', 'Camisetas','{"S":20,"M":40,"L":20}');

INSERT INTO Contiene (idContiene, idCompra, idProducto, cantidad) VALUES
(null,5, 21, 9),
(null,4, 22, 13),
(null,10, 23, 15),
(null,12, 24, 2),
(null,13, 25, 6),
(null,19, 26, 20),
(null,1, 27, 4),
(null,11, 28, 12),
(null,7, 29, 13),
(null,8, 30, 23),
(null,2, 31, 6),
(null,9, 32, 13),
(null,17, 33, 9),
(null,20, 34, 18),
(null,18, 35, 6),
(null,3, 36, 14),
(null,14, 37, 7),
(null,6, 38, 6),
(null,16, 39, 11),
(null,15, 40, 30);

INSERT INTO Municipio (codigoPostal, nombre) VALUES
(760000, 'Cali'),
(763531, 'Palmira'),
(763510, 'Ginebra'),
(764001, 'Jamundi'),
(540001, 'Cúcuta'),
(110110, 'Bogotá'),
(050001, 'Medellín'),
(760050, 'Yumbo'),
(763520, 'El Cerrito'),
(763570, 'Candelaria');

INSERT INTO Envio (idEnvio, idCompra, codigoPostal, fechaEnvio, direccion) VALUES
(null, 1,  760000, '2023-01-20', 'Calle 7 # 5-60'),
(null, 2, 764001, '2023-02-25', 'Carrera 6 # 4a-56'),
(null, 13,  763531, '2023-03-15', 'Calle 28 # 113-57'),
(null, 15,  763570, '2023-04-10', 'Avenida 10 # 31-21'),
(null, 16,  763520, '2023-05-18', 'Carrera 50 # 6-52'),
(null, 19, 050001, '2023-06-22', 'Avenida Guadalupe # 10-97'),
(null, 12,  763531, '2023-07-28', 'Calle 9 # 8-89'),
(null, 8,  540001, '2023-08-05', 'Carrera 8 # 7-89'),
(null, 9,  110110, '2023-09-20', 'Avenida 6 # 53-21'),
(null, 4,  760050, '2023-10-30', 'Calle 99 # 50-67');

INSERT INTO Resena (idResena, idProducto, idUsuario, comentarios, valoraciones) VALUES
(null, 35, 1,'Excelente calidad, definitivamente recomiendo el producto.', 'MuyBuena'),
(null, 26, 4,'La sudadera es bonita, pero es un poco ajustada', 'Neutra'),
(null, 28, 7,'Los zapatos son cómodos, pero el tamaño es un poco grande', 'Neutra'),
(null, 40, 18,'La camisa es de buena calidad, pero el color es diferente al de la imagen.', 'Mala'),
(null, 25, 20,'Las pantalonetas son ajustadas y de buen material', 'Buena'),
(null, 21, 2,'Las camisetas son cómodas pero el tamaño es algo pequeño.', 'Neutra'),
(null, 38, 25,'Los tenis son geniales, muy cómodos y de buena calidad.', 'MuyBuena'),
(null, 27, 12,'El elástico es muy apretado.', 'Mala'),
(null, 24, 21,'Las medias son suaves', 'Buena'),
(null, 37, 29,'Los Leggins son de buena calidad', 'MuyBuena');

